"","AMZN","JPM","DIS","GOOG","KO"
"1",250.869995,37.434078,45.816906,351.404449,29.98793
"2",257.309998,38.282707,47.022369,359.288177,31.104713
"3",258.480011,38.205559,47.1236,359.496826,31.104713
"4",259.149994,38.882755,48.025394,366.600616,31.154341
"5",268.459991,38.925617,46.902756,365.001007,30.856539
"6",266.380005,39.002773,46.709503,364.280701,30.641462
"7",266.350006,38.977051,46.727913,366.67514,30.633175
"8",265.339996,39.559944,46.737118,368.344269,30.575264
"9",267.940002,39.551376,46.543869,367.604095,30.533915
"10",272.730011,39.328499,46.553074,359.288177,30.600096
"11",271.899994,39.731384,47.013172,360.122742,30.873081
"12",268.929993,40.134266,47.418056,355.28421,30.873081
"13",270.480011,39.808537,48.227844,353.361725,31.03026
"14",272.119995,39.825676,48.163429,349.978729,31.187435
"15",270.190002,39.894241,48.522305,349.164032,30.715906
"16",268.109985,39.628521,49.644962,368.354218,30.715906
"17",273.459991,39.748516,49.644962,374.668152,30.699366
"18",283.98999,40.425716,50.040634,374.399902,30.649723
"19",276.040009,39.979977,50.022243,372.939392,30.616636
"20",260.350006,40.391434,49.681763,374.404846,30.955805
"21",272.76001,40.400005,49.497723,374.47937,31.021986
"22",265.5,40.331417,49.580544,375.403351,30.806902
"23",265,41.017189,50.233887,385.294037,31.055086
"24",259.980011,40.871471,49.598949,377.057617,30.897896
"25",266.890015,41.822964,49.957821,380.395905,31.551435
"26",262.220001,41.668667,50.169472,382.596588,31.692062
"27",260.230011,41.342934,50.022243,384.474365,32.188419
"28",261.950012,41.68581,50.298298,390.147461,32.072601
"29",257.209991,41.711536,50.381111,388.682007,31.940252
"30",258.700012,42.122982,50.565159,387.827545,31.071621
"31",269.470001,41.728672,50.57436,388.900574,30.782085
"32",269.23999,42.191555,50.50074,391.364563,30.476004
"33",265.089996,41.900116,51.172497,393.883179,30.955805
"34",269.75,42.388721,51.282921,400.818054,31.162621
"35",266.410004,41.668667,50.243088,393.669556,31.212254
"36",265.940002,41.360065,49.847401,395.194641,31.195707
"37",265.420013,41.925831,49.921017,397.271149,31.865786
"38",259.869995,40.888607,49.313683,392.830017,31.203985
"39",259.359985,40.802887,49.598949,392.512085,31.526615
"40",263.25,42.242992,50.132664,397.305908,31.807877
"41",264.269989,41.934399,50.233887,398.011322,32.031235
"42",265.73999,41.925831,50.914841,400.490204,32.014694
"43",273.109985,42.088684,51.347328,408.095734,32.113972
"44",275.589996,42.423012,51.973068,416.590485,31.998158
"45",273.790009,42.885887,51.862648,413.003815,32.279411
"46",273.880005,43.400219,51.825836,413.609863,32.362137
"47",274.190002,43.031624,52.810452,413.073364,32.444855
"48",271.23999,43.271633,53.058907,414.712708,32.519321
"49",274.130005,43.100193,52.552792,411.130981,32.229771
"50",275.100006,42.997334,52.764442,409.988434,32.154781
"51",265.73999,43.717377,53.141727,408.115601,32.513081
"52",261.820007,42.877319,52.985298,404.518982,32.354763
"53",257.890015,42.440144,52.295139,401.285034,32.296444
"54",256.410004,42.174416,51.816631,403.038635,32.771385
"55",257.279999,42.105843,52.396358,404.722656,33.221333
"56",253.389999,41.445789,51.816631,403.00882,33.387974
"57",257.75,41.814392,52.249123,402.536896,33.36298
"58",256.019989,41.591518,51.724613,402.204041,33.429649
"59",260.309998,41.694386,52.111099,403.585083,33.904594
"60",265.299988,40.948616,51.963867,398.736603,33.512966
"61",266.48999,40.68288,52.267532,394.528961,33.696274
"62",261.609985,41.000053,52.166309,398.006348,33.704609
"63",263.320007,41.385788,52.87487,403.893066,33.929588
"64",259.029999,40.411091,52.681633,400.495178,33.471302
"65",259.079987,40.963142,52.994488,394.966125,33.77961
"66",255.479996,41.325417,53.095711,388.994965,33.39632
"67",258.950012,41.903336,54.126347,384.921448,34.046242
"68",261.140015,41.989578,54.420807,386.312408,33.921257
"69",264.769989,42.481247,55.313404,392.536926,34.221226
"70",269.850006,42.532993,55.718296,392.641235,34.312885
"71",272.869995,42.27422,55.718296,392.472351,34.229561
"72",267.720001,41.342659,54.181561,388.438568,33.40464
"73",272.339996,41.825703,55.90234,394.121613,35.304443
"74",267.399994,40.359329,55.837917,388.751556,35.45443
"75",259.420013,40.229954,55.202984,380.480347,35.079456
"76",260.320007,40.738869,56.647694,397.350616,35.546074
"77",263.549988,40.842377,57.06179,397.469849,35.596077
"78",268.899994,41.549671,57.595512,401.339661,35.579411
"79",268.779999,42.024078,56.997372,404.096741,35.121132
"80",274.700012,42.265617,57.052593,401.935791,35.287769
"81",254.809998,42.162102,56.932961,398.120605,35.079456
"82",249.740005,42.196587,57.972794,406.883606,35.196125
"83",253.809998,42.27422,57.825562,409.620819,35.271111
"84",248.229996,41.411659,58.166035,407.564178,35.171116
"85",252.550003,41.472054,58.782574,412.124542,34.962811
"86",258.049988,41.032139,59.629162,420.127472,35.196125
"87",255.720001,41.5583,59.868412,427.991333,35.062794
"88",257.730011,42.38636,60.797829,425.845276,35.579411
"89",258.679993,42.921158,60.724197,433.99231,35.379429
"90",260.160004,42.30011,61.34993,432.924255,35.096127
"91",263.630005,42.231102,61.837658,437.270966,35.121132
"92",264.51001,42.843525,61.948071,435.929688,35.154457
"93",268.329987,43.326557,62.086098,440.683777,35.42942
"94",266.559998,44.068363,62.270134,454.985748,35.762714
"95",264.119995,43.964859,61.165901,449.014587,35.904373
"96",269.899994,45.112057,61.267113,451.652435,35.804382
"97",267.630005,45.103428,60.84383,451.329529,35.312771
"98",268.859985,45.733101,60.576973,450.554565,35.279446
"99",262.959991,46.25927,60.337719,441.836273,35.204445
"100",261.799988,46.01775,60.024853,438.542694,34.937813
"101",261.73999,46.285149,60.264095,433.838287,35.196125
"102",267.290009,47.095955,61.368347,437.787628,35.45443
"103",265.529999,47.156338,60.972656,431.349487,34.496193
"104",266.829987,47.975777,59.491127,432.566559,33.971252
"105",269.200012,47.087337,58.046413,432.795074,33.321339
"106",266.880005,47.001068,58.708958,431.011688,34.004585
"107",265.700012,46.612911,59.215065,426.774231,34.512859
"108",267.170013,45.741734,58.083214,427.072296,33.871262
"109",267.829987,46.147137,58.101624,429.526337,33.987907
"110",276.869995,46.811314,59.675167,437.022583,34.504517
"111",281.070007,46.88895,58.736568,442.233704,34.312885
"112",274.779999,46.138512,58.708958,437.062317,33.987907
"113",271.670013,45.87112,57.963593,433.172638,33.887241
"114",275.790009,46.725052,59.169056,435.666412,33.904018
"115",273.98999,45.827991,58.708958,434.692749,33.845291
"116",278.059998,46.449036,59.343899,440.261536,34.130547
"117",281.76001,46.673294,60.080055,447.400085,34.340298
"118",278.160004,46.190258,59.196667,447.429901,33.904018
"119",273.440002,45.267315,57.03418,439.511414,32.83009
"120",273.359985,44.81879,57.724342,437.618713,33.358658
"121",270.609985,43.921722,57.457478,432.084717,33.165691
"122",272.089996,44.922302,57.57711,430.3013,33.325104
"123",277.570007,45.284576,58.166035,434.002228,33.836906
"124",277.549988,45.845245,58.635342,435.701172,33.778168
"125",277.690002,45.53471,58.110825,437.340515,33.652313
"126",282.100006,45.275959,58.828583,441.071259,33.945969
"127",283.730011,45.875454,58.212044,438.30426,33.870461
"128",284.029999,45.849396,58.534115,440.350952,33.971138
"129",285.880005,46.909393,58.727356,443.858124,33.996315
"130",290.589996,47.526276,59.546337,449.620636,34.013092
"131",291.529999,47.691364,59.757988,449.69516,34.256397
"132",292.329987,47.639225,59.730385,450.067749,34.130547
"133",299.660004,47.908569,61.267113,457.146698,34.424198
"134",307.549988,47.760868,61.635197,458.517792,34.424198
"135",306.570007,47.691364,60.668987,459.35733,34.407417
"136",306.869995,47.795624,59.840801,456.83374,33.752995
"137",308.690002,48.021519,60.144466,456.307159,34.264786
"138",304.109985,48.977257,60.56776,452.397583,34.239624
"139",305.230011,48.794804,59.960438,445.403076,34.474533
"140",303.480011,49.142353,59.261078,452.407532,34.264786
"141",301.059998,49.237919,59.307087,448.979828,34.365467
"142",298.940002,49.203171,59.481926,448.532715,34.281567
"143",303.399994,49.09021,59.399109,440.981842,34.264786
"144",312.01001,48.699234,59.7948,439.814423,34.096989
"145",306.100006,48.386436,59.454319,438.284393,33.794945
"146",302.410004,48.073662,59.058632,442.581421,33.82851
"147",301.220001,48.421188,59.491127,441.006683,33.627155
"148",305.570007,49.124969,60.144466,449.188477,34.03825
"149",304.209991,49.08152,61.202698,450.355865,33.744606
"150",300.98999,48.742672,60.751808,449.575928,33.803345
"151",300.75,48.212677,61.699623,445.388184,33.870461
"152",296.910004,48.047585,60.650578,442.447296,33.685875
"153",295.73999,47.639225,60.503353,443.445801,33.727825
"154",297.26001,47.369888,59.564747,442.328094,33.694271
"155",296.690002,46.996277,58.828583,439.893921,33.4174
"156",293.970001,47.170048,58.874592,437.777679,33.266373
"157",291.339996,47.048412,58.85619,432.094635,33.165691
"158",286.470001,46.301186,57.402264,427.052429,32.796535
"159",284.820007,46.301186,57.209023,425.68631,32.762978
"160",285.570007,45.032669,56.896156,430.028076,32.536434
"161",287.089996,45.28463,56.942169,429.913818,32.427376
"162",284.570007,44.858902,56.261211,431.856201,32.116943
"163",289.730011,45.362835,56.721317,434.032043,32.142117
"164",290.01001,45.458405,56.804142,432.293335,32.31831
"165",286.209991,45.006611,56.45446,430.395691,31.982702
"166",280.929993,43.963982,55.847126,422.328156,32.007874
"167",281.579987,43.946609,55.95755,421.533325,32.175674
"168",283.980011,44.050858,56.206001,424.951111,31.965921
"169",280.980011,43.903152,55.975952,420.713654,32.033043
"170",288.799988,44.424477,56.067974,427.410095,31.798128
"171",293.640015,45.067417,56.233612,432.998749,32.335087
"172",294.100006,45.275948,56.408443,436.938141,32.083393
"173",295.859985,45.666935,56.491264,436.948059,32.175674
"174",299.709991,45.927589,56.675304,441.155701,32.31831
"175",300.359985,46.631355,57.816364,441.463715,32.410591
"176",299.640015,46.27512,58.83778,445.199402,32.536434
"177",298.859985,45.388901,60.264095,443.644531,32.485737
"178",297.920013,45.692997,61.368347,441.662415,32.69701
"179",296.059998,46.17086,61.598385,441.011658,32.840683
"180",304.170013,46.127426,61.635197,440.191986,32.781528
"181",312.029999,46.405453,61.754837,448.741364,33.457607
"182",312.059998,45.832016,60.475739,446.292297,33.220989
"183",316.339996,45.875454,59.822403,448.637054,33.297039
"184",311.48999,44.711193,59.583153,440.385712,32.646305
"185",314.130005,43.720692,59.187458,440.554626,32.561794
"186",312.649994,44.919716,59.307087,435.78067,32.392776
"187",318.119995,45.084801,60.03405,436.24762,32.739269
"188",316.01001,45.388901,59.988037,435.363373,32.451931
"189",312.640015,44.911034,59.343899,435.124939,32.012486
"190",320.950012,45.145622,59.656765,440.634094,32.071644
"191",320.51001,45.591995,59.702774,441.125916,31.632179
"192",314.76001,45.460712,58.9114,435.214355,31.404003
"193",319.040009,46.099644,60.089256,433.356445,31.437817
"194",310.029999,45.364437,59.435913,430.072784,31.311049
"195",303.230011,44.524185,58.892994,424.076782,31.505417
"196",298.230011,44.419155,58.515713,425.164703,31.336407
"197",305.170013,45.968357,60.346912,431.314728,31.927969
"198",310.890015,45.959599,60.926643,433.177612,31.919523
"199",310.700012,46.134651,61.497177,435.224274,32.037834
"200",306.399994,45.78455,61.13829,438.155212,31.826555
"201",310.48999,47.263737,61.055477,446.113464,32.113895
"202",310.769989,47.447544,61.119892,441.523315,32.578697
"203",328.929993,47.526306,61.791641,502.437134,32.773067
"204",326.440002,47.50005,62.214931,498.408325,32.806885
"205",332.540009,46.931133,63.494019,500.246368,33.035057
"206",326.76001,46.169666,62.684246,512.372498,33.035057
"207",332.209991,45.933346,63.54002,509.461456,32.789978
"208",363.390015,46.187172,63.733265,504.319885,32.984344
"209",358.160004,46.108398,63.494019,504.22052,33.474506
"210",362.700012,46.152168,63.420399,514.771912,33.635075
"211",361.079987,46.03838,63.006306,511.880707,33.482948
"212",364.029999,45.110611,63.116718,511.960205,33.440701
"213",359,45.959599,63.503223,510.20163,33.474506
"214",358.73999,45.548229,63.319168,509.739624,33.390003
"215",358.890015,45.469471,63.35598,507.459473,33.381546
"216",356.179993,45.600754,63.494019,508.070496,33.846355
"217",343.559998,45.20689,61.791641,500.718323,33.660435
"218",350.309998,47.228729,63.107517,504.732208,33.846355
"219",354.380005,47.351269,62.886673,502.029785,33.694241
"220",349.529999,47.237484,62.362164,502.620941,33.70269
"221",356.220001,47.386269,63.4664,512.899109,33.90551
"222",367.399994,47.613842,64.432602,514.270142,33.981567
"223",369.170013,48.025204,64.414207,513.440552,33.990025
"224",366.179993,48.786682,63.954109,512.442078,33.947762
"225",364.940002,49.145531,63.604427,509.287567,33.922417
"226",362.570007,49.101768,63.705658,507.851898,33.854801
"227",368.920013,50.082062,64.358994,513.693909,34.167496
"228",372.309998,50.29211,64.598251,512.610962,34.167496
"229",376.640015,50.458405,64.174965,519.585571,34.116791
"230",381.369995,50.038288,65.500053,525.785278,34.015381
"231",386.709991,50.30962,65.12278,528.120117,34.202606
"232",393.619995,50.082062,64.91114,526.37146,34.202606
"233",392.299988,49.87199,65.251602,523.832947,34.108997
"234",384.660004,49.766956,64.322197,523.226929,34.338764
"235",385.959991,50.055794,64.386612,525.671021,34.355785
"236",384.48999,48.856693,64.62587,525.253723,33.896233
"237",386.950012,49.066757,65.757713,531.478271,34.432377
"238",384.890015,49.460617,65.435638,535.586548,34.381321
"239",387.779999,49.62693,65.858932,538.825439,33.913261
"240",382.190002,49.0755,64.892715,535.164246,34.151539
"241",381.25,49.285572,64.864769,531.522949,33.368603
"242",384.23999,49.163033,64.855461,526.96759,33.385624
"243",388.970001,49.381851,65.684547,533.023193,33.419659
"244",387.649994,48.76918,65.824287,531.473267,33.274986
"245",395.959991,50.099564,67.258888,538.870178,34.057922
"246",395.190002,50.090805,67.976189,539.600403,33.921764
"247",402.200012,50.502178,67.445206,546.753906,34.074947
"248",402.920013,50.974815,68.264977,553.947083,34.177063
"249",399.200012,50.983559,68.795982,552.327637,34.202606
"250",404.390015,50.939796,69.513275,555.119507,34.457905
"251",398.079987,50.887291,69.261749,555.586426,34.602577
"252",393.369995,50.720974,71.013092,551.145325,34.968517
"253",398.790009,51.184872,71.171455,556.734009,35.155746
"254",397.970001,51.281784,71.050354,552.963501,34.602577
"255",396.440002,51.678219,70.901306,548.929749,34.432377
"256",393.630005,51.977753,70.631157,555.049927,34.270679
"257",398.029999,51.378685,71.115562,565.750366,34.372807
"258",401.920013,51.863224,70.072197,566.927673,33.989845
"259",401.01001,51.766315,69.774109,561.468201,33.811127
"260",397.660004,51.52845,70.230576,561.438354,34.151539
"261",390.980011,50.832485,68.255653,557.861633,33.640919
"262",397.540009,50.867722,69.354889,570.986267,33.777084
"263",395.869995,52.409439,69.196533,570.598816,33.836658
"264",395.799988,51.968945,69.13134,574.374268,33.794106
"265",399.609985,51.193684,68.917076,571.547607,33.428165
"266",407.049988,51.246544,69.122025,578.090088,33.972824
"267",404.540009,50.735573,70.156044,578.745789,33.955811
"268",399.869995,49.748875,69.671638,576.301697,33.394127
"269",387.600006,48.533131,67.743309,558.283875,33.053722
"270",386.279999,48.533131,67.305473,547.056946,32.960106
"271",394.429993,49.105759,67.892342,557.876526,33.079254
"272",384.200012,48.92075,66.448433,549.883545,32.253765
"273",403.01001,49.334812,68.209084,564.02655,32.483528
"274",358.690002,48.770992,67.640839,586.669312,32.185677
"275",346.149994,47.84597,65.200134,563.052856,31.658045
"276",347.950012,48.409794,66.187599,565.402588,31.896326
"277",346.450012,48.638847,66.848999,567.906311,32.006962
"278",354.589996,49.757694,70.388947,576.232178,32.364391
"279",361.079987,49.881023,70.491409,584.91571,32.296314
"280",360.869995,49.986748,71.786285,582.675232,32.823948
"281",361.790009,50.594616,72.466331,591.244507,32.883511
"282",349.25,50.673904,72.578125,589.510803,32.772884
"283",357.200012,51.123207,72.56881,596.07312,32.892025
"284",357.350006,51.228931,73.807793,597.513733,33.130318
"285",353.649994,51.52845,74.133827,601.527649,31.887819
"286",347.380005,50.444843,73.472427,597.285217,31.572939
"287",349.799988,50.726765,73.770515,598.16449,31.743145
"288",346.76001,50.753189,74.646187,598.005554,31.641022
"289",351.779999,51.123207,75.205139,602.337402,31.913342
"290",358.320007,50.242222,74.720718,606.058167,32.143127
"291",359.799988,49.995556,74.599609,606.142639,32.228226
"292",360.130005,49.942688,74.972229,605.66571,32.398438
"293",362.100006,50.05722,75.279655,603.897217,32.509064
"294",359.779999,49.519829,74.022034,597.459106,32.440979
"295",363.899994,50.444843,76.118065,603.529602,32.602676
"296",372.369995,51.237724,77.021667,605.193787,32.636719
"297",372.160004,51.88966,77.636505,605.864441,32.73885
"298",372.059998,52.330147,76.583839,603.470032,32.806923
"299",370.529999,52.15395,76.360268,601.870422,32.892025
"300",368.820007,51.26416,75.503227,596.117798,33.019676
"301",370.640015,51.026295,75.810638,599.749207,32.998241
"302",371.51001,50.585808,74.459885,590.688171,32.569351
"303",373.73999,50.039597,74.590302,582.610657,32.740906
"304",375.040009,50.726765,75.819969,592.198303,32.826679
"305",378.769989,51.149635,76.378899,601.716431,32.93819
"306",373.230011,51.361069,75.009491,595.750244,32.715179
"307",368.970001,52.955643,75.279655,594.711975,32.981075
"308",360.619995,53.008503,74.851128,587.697571,32.972504
"309",351.850006,53.80138,74.049988,575.223694,32.93819
"310",354.709991,53.67804,74.105888,575.61615,33.126896
"311",343.410004,52.770638,73.239517,562.327576,33.118317
"312",338.470001,52.78825,73.109123,555.406067,33.298454
"313",338.290009,52.893967,73.584206,556.927734,33.409962
"314",336.369995,53.484234,74.590302,553.924255,33.161205
"315",342.98999,53.448997,75.98764,564.058533,32.94677
"316",341.959991,53.617424,76.080803,563.899353,32.878147
"317",333.619995,53.777,76.099426,566.62439,32.655132
"318",323,53.023449,74.925652,540.169861,32.783791
"319",317.76001,52.305367,73.714622,535.207153,33.126896
"320",327.070007,52.172379,74.124496,551.86554,33.367081
"321",331.809998,52.544731,74.962921,561.054993,33.444271
"322",317.109985,50.886913,72.205505,537.991821,33.358498
"323",311.730011,49.025192,71.739708,527.698425,33.135475
"324",315.910004,48.723774,72.307976,529.60791,33.221249
"325",316.079987,48.581924,72.34523,533.50647,34.465015
"326",323.679993,48.989731,73.546936,553.496582,34.816696
"327",324.910004,48.954273,74.51577,533.168335,34.928207
"328",330.869995,48.785835,73.695999,525.729248,34.953938
"329",329.320007,49.477322,74.012718,531.885437,34.919628
"330",324.579987,49.690098,74.077927,524.058472,34.93679
"331",337.149994,49.814205,74.14315,522.288208,34.911057
"332",303.829987,49.379814,72.876213,513.3573,35.176956
"333",296.579987,49.193638,72.457001,514.32196,35.194115
"334",300.380005,49.734421,73.258156,524.81427,34.799541
"335",304.130005,49.628029,73.910248,523.779968,34.988251
"336",307.890015,49.397545,74.115189,528.444336,34.979668
"337",308.01001,49.27343,74.813866,525.04303,35.125492
"338",310.049988,48.067738,75.661598,524.923706,34.962517
"339",297.380005,47.287605,75.484596,512.322998,34.730919
"340",292.709991,47.91703,74.795242,507.171295,35.091179
"341",288.320007,48.191856,76.015587,508.205627,34.93679
"342",292.23999,47.881565,76.341637,515.893311,35.056873
"343",302.859985,48.448959,76.779472,527.022156,35.013977
"344",304.640015,48.422359,76.462738,530.174805,35.262737
"345",297.619995,48.191856,75.382118,523.77002,35.07402
"346",295.190002,47.438309,74.664825,517.136536,34.756653
"347",297.700012,47.261002,74.88839,517.782959,35.07402
"348",296.76001,47.721996,75.503227,525.967957,34.919628
"349",301.190002,47.624481,75.540489,526.872986,34.808121
"350",305.01001,47.97908,76.565216,535.992798,35.056873
"351",304.910004,48.360302,76.714264,542.079346,34.808121
"352",312.23999,48.342567,77.617882,549.677551,34.808121
"353",310.820007,48.883354,78.009132,562.855103,34.971092
"354",310.160004,49.158173,77.878708,558.608459,34.808121
"355",313.779999,49.397545,78.279282,557.017212,34.876743
"356",312.549988,49.264561,78.260651,556.828247,35.091179
"357",308.839996,49.069527,78.502853,550.900879,35.04829
"358",307.190002,49.291161,78.139542,541.960022,35.065449
"359",306.779999,49.362076,78.474915,541.681519,34.988251
"360",323.570007,50.204277,78.977951,550.871033,35.07402
"361",329.670013,50.505707,78.819603,553.28772,35.159805
"362",327.5,50.904648,79.630066,559.046082,35.091179
"363",332.410004,51.330173,78.950005,557.484619,35.22842
"364",335.200012,50.77166,78.540115,555.783997,35.04829
"365",325.910004,50.56776,77.133476,548.334961,34.931625
"366",326.269989,50.56776,77.133476,548.742737,34.888416
"367",327.619995,50.417042,77.599243,541.30365,35.139038
"368",325.619995,50.904648,77.468819,540.040588,35.363728
"369",334.380005,51.223789,77.860092,550.343933,35.916832
"370",327,50.798256,78.037086,551.86554,36.115608
"371",324.200012,51.01989,77.1521,553.317566,36.029179
"372",327.23999,51.587276,77.096207,561.860596,36.063747
"373",324.160004,50.904648,77.021667,561.53241,36.167454
"374",327.440002,51.002167,78.158188,575.485657,36.262516
"375",325.690002,50.878048,78.670547,572.850159,36.323009
"376",324.570007,51.002167,79.462372,574.083374,36.461292
"377",324.779999,51.081947,79.872261,572.134094,36.608196
"378",332.390015,51.394398,80.552299,579.483704,36.547714
"379",332.850006,50.858768,80.524345,579.150513,36.547714
"380",337.48999,50.93018,80.89698,581.53241,36.495853
"381",333.549988,50.590946,80.664085,579.065979,36.418083
"382",323.809998,49.778564,79.984047,567.967041,36.245235
"383",329.970001,50.010677,81.250977,572.929749,36.253876
"384",327.920013,49.600021,80.915611,567.976929,36.52179
"385",346.200012,49.814278,80.943558,576.012756,36.271156
"386",355.320007,50.251705,80.822464,581.671631,36.625488
"387",354.440002,52.019318,80.254211,581.582153,36.383507
"388",355.899994,52.412121,79.508949,579.473755,36.400795
"389",352.450012,51.653294,79.210854,570.59259,36.314365
"390",358.660004,51.983601,79.937462,591.825806,36.668694
"391",359.76001,51.992531,79.872261,586.246521,36.64278
"392",360.839996,52.376415,80.310089,591.487671,35.597073
"393",358.140015,52.671009,80.151726,592.720886,35.268681
"394",358.609985,52.822773,80.859726,590.105286,35.406952
"395",324.01001,52.679935,80.328735,585.79895,35.432861
"396",320.410004,52.840618,81.185776,587.3703,35.156322
"397",320,52.349628,80.300789,582.407593,34.871132
"398",322.51001,52.590656,81.241661,584.207703,34.240246
"399",312.98999,51.483681,80.002678,568.474243,33.955063
"400",307.059998,50.421329,79.536896,562.974487,33.955063
"401",313.649994,50.573097,81.269608,570.015747,34.050129
"402",312.320007,50.046379,80.813156,561.979919,33.859993
"403",313.890015,50.198147,80.664085,563.276794,34.499519
"404",311.450012,49.912476,79.658012,560.279297,34.006916
"405",316.799988,50.296345,80.906296,565.659729,34.093338
"406",318.329987,50.278488,81.511818,564.774536,34.197033
"407",319.320007,50.305275,81.241661,559.65271,34.292103
"408",326.279999,50.635582,81.604973,571.636841,34.5168
"409",333.209991,50.867695,82.545853,571.507568,34.724216
"410",333.630005,50.662365,83.169998,570.343933,35.329166
"411",334.529999,51.090885,83.812782,578.976501,35.735348
"412",335.130005,51.385475,83.924561,583.650757,35.657558
"413",335.779999,51.456898,83.691673,581.293762,35.64893
"414",332.910004,52.224648,84.194717,580.179871,35.787193
"415",331.589996,52.215717,84.297195,579.374268,35.536579
"416",334.019989,52.974533,84.194717,577.027222,35.787193
"417",341.829987,53.331627,83.859344,574.700012,35.951397
"418",343.179993,53.197708,84.18541,567.877502,35.951397
"419",340.019989,52.813839,84.054993,566.087341,35.977325
"420",339.040009,53.072735,83.728943,568.474243,36.055107
"421",342.380005,53.269135,84.585983,574.172913,35.985973
"422",339,53.295918,84.716385,574.779541,36.10696
"423",345.950012,53.30484,83.971146,578.797485,36.184734
"424",346.380005,53.483387,84.716385,582.875061,36.158806
"425",342.339996,53.465534,84.362389,586.495117,36.10696
"426",329.75,52.724564,83.468102,577.832764,36.245235
"427",331.329987,52.867401,83.39357,579.911316,36.444
"428",330.519989,53.349476,83.812782,578.170898,36.517994
"429",331.190002,53.590508,83.533318,572.472229,36.091454
"430",323.890015,53.510174,83.915253,569.966003,36.126266
"431",327.76001,53.554813,84.092239,576.778564,36.248142
"432",324,53.840481,84.14814,581.572205,36.222027
"433",325,54.742138,84.157448,586.047607,36.378723
"434",331.320007,54.554672,84.297195,592.820374,36.605045
"435",324.5,54.376122,83.179306,584.157959,36.753033
"436",323.630005,54.402905,82.266365,577.952087,36.465763
"437",328.209991,55.018883,83.328362,584.774597,36.796566
"438",321.929993,53.697643,82.042809,571.915283,36.37001
"439",323.209991,54.06366,82.666954,573.944153,36.735634
"440",321.820007,53.858341,82.750801,573.208191,36.779152
"441",322.440002,53.777981,82.937088,574.202698,37.136063
"442",317.459991,53.358406,81.502487,565.162415,37.205708
"443",318.410004,52.882072,80.850395,566.962524,37.136063
"444",322.73999,54.194241,82.396797,572.134094,37.432034
"445",322.200012,54.086388,82.499275,574.192749,37.954338
"446",316.980011,53.268539,81.148506,560.657227,38.23291
"447",322.700012,54.284111,82.08007,569.369324,38.78133
"448",315.369995,53.097778,79.844315,557.812866,38.189381
"449",311.390015,52.594479,80.365982,541.512451,38.711689
"450",306.450012,52.270927,78.16748,530.294128,38.363487
"451",308.309998,52.118145,78.381752,534.998291,37.989162
"452",305.970001,49.90723,76.462738,527.131531,37.632259
"453",302.859985,49.502796,76.146004,521.641724,37.049
"454",303.640015,50.509388,78.092972,508.374695,37.327568
"455",306.209991,50.895847,79.66732,517.991821,37.68449
"456",315.329987,52.064213,81.54908,523.660645,35.412449
"457",312.970001,51.63282,81.139191,529.796875,35.360207
"458",313.179993,52.181061,81.968285,541.005249,35.569138
"459",287.059998,52.792202,82.545853,536.828247,35.717129
"460",289.970001,52.702332,82.396797,537.812805,35.482086
"461",295.589996,53.592079,83.775505,545.898376,35.30798
"462",294.119995,53.286514,83.402885,546.325989,35.656185
"463",299.070007,53.376389,84.045654,547.300659,36.039211
"464",305.459991,54.35601,85.126274,556.022705,36.457054
"465",305.720001,54.715515,85.433693,552.183777,36.39613
"466",302.809998,54.1493,84.166771,551.079895,36.404827
"467",296.519989,54.958176,84.772278,542.934631,36.831383
"468",296.640015,55.030071,85.703842,539.075867,36.813976
"469",299.859985,55.245766,83.840714,538.051514,36.84008
"470",305.109985,55.659191,83.63578,544.496094,36.901012
"471",312.01001,55.155895,83.82209,547.280762,37.005478
"472",311.51001,54.42791,83.747559,544.317078,37.179585
"473",316.480011,54.131332,84.297195,542.397583,37.249233
"474",327.820007,54.17627,84.585983,541.422974,37.196995
"475",323.049988,54.266136,84.222672,533.576111,37.362392
"476",324.929993,54.400948,84.101555,532.104187,37.893402
"477",326.540009,54.463863,83.673035,534.053467,38.494061
"478",330.540009,54.032467,82.816002,531.905273,38.520176
"479",332.630005,54.329052,82.871895,534.560669,38.737812
"480",335.640015,54.787415,84.381035,536.321045,38.537575
"481",335.040009,54.194241,85.377792,538.121094,38.676872
"482",333.570007,54.230186,85.629318,537.414978,38.821495
"483",338.640015,54.068413,86.178947,538.867004,39.294827
"484",326,53.924622,86.355942,530.88092,39.049393
"485",326.309998,54.895264,87.073242,530.831177,39.04063
"486",316.5,55.308689,86.737892,528.41449,38.391991
"487",316.929993,55.164875,86.849686,534.371765,38.12904
"488",312.630005,56.351223,87.343407,522.387634,38.155334
"489",306.640015,56.324268,87.380669,524.098206,37.81348
"490",312.5,56.12653,86.579529,530.453308,36.8493
"491",305.839996,54.535751,85.359161,523.183228,36.463631
"492",307.359985,54.949184,86.557289,525.450806,36.402275
"493",307.320007,53.960567,86.312004,515.82373,35.858822
"494",306.070007,53.16967,85.755417,510.990295,35.560802
"495",295.059998,52.513584,85.066711,492.680969,35.40303
"496",298.880005,53.717907,86.208229,502.129028,36.419807
"497",297.730011,55.254753,87.368607,508.305054,37.156082
"498",299.899994,55.659191,87.632774,513.526367,36.770416
"499",306.540009,55.668182,88.868629,521.999756,37.121029
"500",306.290009,56.153507,89.330902,527.688477,37.664474
"501",303.029999,56.153507,89.076172,525.878418,37.638176
"502",309.089996,56.216423,89.651657,531.10968,37.655708
"503",312.040009,56.5849,90.095055,527.429932,37.568058
"504",310.299988,56.755665,89.34034,527.519409,37.4804
"505",310.350006,56.243382,88.859207,523.521423,37.007076
"506",308.519989,56.523785,88.444107,521.937744,36.936962
"507",302.190002,54.769005,87.151634,511.057617,36.936962
"508",295.290009,53.348892,86.689369,499.212799,37.217442
"509",298.420013,53.430305,87.576164,498.357513,37.682014
"510",300.459991,54.624275,88.481834,499.928864,38.137806
"511",296.929993,53.674526,88.915787,493.454498,37.717075
"512",291.410004,53.213219,89.113914,489.854309,37.375221
"513",294.73999,53.222256,89.802589,493.464447,37.366455
"514",293.269989,51.386078,88.896935,498.128784,37.305096
"515",286.950012,49.739841,89.010139,499.043732,37.147327
"516",290.73999,50.590096,89.793159,505.299316,37.278797
"517",289.440002,50.391094,89.378067,504.125763,37.831013
"518",297.25,50.553913,88.84034,515.204773,38.006325
"519",310.320007,52.09161,89.764862,531.465332,38.374462
"520",312.390015,51.268482,89.359207,536.994873,37.962498
"521",309.660004,51.349899,89.595055,532.280823,37.690773
"522",306.75,50.834316,88.651657,515.791565,37.156082
"523",303.910004,49.522747,87.425217,507.208801,36.744114
"524",311.779999,50.354919,87.944107,507.865204,36.90189
"525",354.529999,49.18808,85.811996,531.594604,36.086716
"526",364.470001,50.174023,86.727112,525.587646,36.454861
"527",363.549988,51.304665,88.774292,526.343506,36.489925
"528",364.75,50.997124,95.547928,519.898987,36.533749
"529",373.890015,51.349899,96.830963,524.692566,36.630173
"530",374.279999,52.362976,96.246048,528.093872,36.332153
"531",370.559998,52.299641,95.972458,524.941223,36.139309
"532",373,52.878548,96.151718,534.001343,37.16486
"533",375.140015,52.797127,96.104546,533.036682,37.138557
"534",377.170013,53.882561,97.717766,539.958557,36.963242
"535",381.829987,53.973019,98.274376,546.00531,36.805477
"536",375.429993,54.361965,98.227203,539.86908,36.647701
"537",373.369995,53.701656,97.981911,536.746277,36.577576
"538",379,53.575031,98.010208,539.901306,36.910664
"539",383.660004,54.090607,98.632866,536.000366,36.787941
"540",380.140015,53.683563,99.047966,528.998901,36.682758
"541",378.589996,55.013218,98.746063,533.156006,36.928188
"542",385.369995,55.30267,99.595131,540.893433,36.858074
"543",384.799988,55.700657,98.642303,552.43988,37.217442
"544",380.160004,55.429298,98.189468,555.343933,37.953728
"545",385.660004,55.87252,99.897018,568.213074,37.866077
"546",384.609985,56.053429,100.330986,570.500488,37.646938
"547",382.720001,56.198143,99.595131,570.231995,37.252506
"548",387.829987,56.080559,99.085693,572.181274,37.16486
"549",380.089996,55.076538,97.944168,564.578125,36.393505
"550",378.559998,55.628304,99.302681,565.736694,36.27956
"551",369.51001,54.235336,97.255493,551.972473,35.665981
"552",366.369995,54.488594,97.066818,548.163452,35.14883
"553",374.23999,55.510708,101.104576,552.469727,35.855877
"554",370.579987,55.176037,100.415901,544.324585,35.272568
"555",373.350006,55.944881,101.293259,551.47522,35.608414
"556",371.920013,55.727802,100.906464,547.825317,35.802849
"557",375.140015,55.854431,101.859306,556.437866,35.882389
"558",373.23999,55.356941,101.293259,554.936157,35.369789
"559",378.48999,55.854431,102.293266,557.293213,35.926582
"560",375.109985,55.30267,102.095154,555.751648,35.90007
"561",374.089996,54.687588,101.047974,567.069397,35.767498
"562",370.959991,53.918755,99.057396,555.726807,35.749825
"563",367.350006,53.855431,99.283798,552.131592,35.661442
"564",370.559998,53.864475,99.510231,545.338989,35.422813
"565",374.589996,55.139854,100.114014,549.008789,35.802849
"566",372.100006,54.796131,98.953621,545.000854,35.838207
"567",370.26001,54.586704,99.472488,539.590576,35.953094
"568",372.25,55.105721,100.000793,532.59906,35.953094
"569",377.040009,55.060192,99.651733,533.827332,36.386154
"570",374.410004,55.406197,99.463058,534.080933,36.244747
"571",381.200012,55.588299,100.340424,538.645813,36.138695
"572",383.540009,55.970734,100.727203,537.820374,36.280098
"573",382.649994,56.180157,100.897018,537.054565,36.129856
"574",382.359985,56.51704,100.481934,536.219177,35.970779
"575",385.109985,57.400272,100.623451,527.487183,35.802849
"576",383.450012,58.465595,100.925339,529.617859,35.705635
"577",386.040009,58.101391,101.981949,530.87854,35.882389
"578",375.559998,57.218163,100.651741,521.181885,35.617249
"579",389.51001,57.582375,102.095154,532.44989,35.935421
"580",391.179993,56.735577,101.585716,531.049988,36.04147
"581",389.799988,57.309219,101.831009,536.413086,36.509892
"582",389.98999,57.18174,102.831001,544.006287,36.191723
"583",445.100006,56.999634,103.331009,561.967468,36.138695
"584",438.559998,56.762897,103.925362,555.369995,36.085667
"585",429.309998,57.145317,103.698936,553.679993,36.032635
"586",429.369995,57.910175,103.595154,549.080017,35.785175
"587",421.779999,57.600582,102.566872,537.340027,35.847038
"588",422.869995,57.919285,104.264977,537.900024,36.156376
"589",423.040009,58.929981,104.746117,540.780029,36.200562
"590",421.190002,58.638603,104.538567,530.799988,36.014957
"591",419.100006,58.201542,103.510262,524.219971,35.935421
"592",426.880005,58.729652,103.076286,530.700012,35.970779
"593",433.690002,59.631081,103.878189,538.219971,36.218243
"594",432.850006,59.594662,102.453651,535.700012,36.182877
"595",431.019989,59.512711,103.057419,529.039978,35.961937
"596",426.869995,59.658394,103.010246,529.619995,36.280098
"597",432.279999,60.140987,103.708374,538.400024,36.677814
"598",426,59.986195,104.057434,533.849976,36.695488
"599",425.23999,60.477886,104.085739,532.299988,36.518723
"600",421.709991,61.015106,104.302719,537.359985,36.509892
"601",423.859985,60.53252,103.963089,539.27002,36.545242
"602",431.630005,60.687317,104.142334,542.51001,36.439182
"603",427.630005,60.523422,104.019707,540.109985,36.421513
"604",425.470001,59.849617,103.246109,532.320007,36.227074
"605",431.420013,60.523422,104.123466,539.789978,36.341965
"606",426.570007,60.277565,104.274414,539.780029,36.359638
"607",429.230011,59.895138,104.123466,532.109985,36.200562
"608",430.920013,60.168312,104.680077,533.98999,36.182877
"609",430.98999,60.113663,104.481964,539.179993,36.227074
"610",436.589996,60.732849,104.878197,540.309998,36.121021
"611",430.779999,60.395935,104.057434,536.700012,35.873558
"612",426.950012,61.38842,104.057434,533.330017,35.440487
"613",423.5,60.905838,103.104599,526.830017,35.493523
"614",425.480011,61.169899,102.378174,526.690002,35.528873
"615",430.769989,62.153267,103.774406,536.690002,35.643772
"616",432.970001,62.390003,104.359337,534.609985,35.732868
"617",429.920013,62.144169,103.727242,532.330017,35.608124
"618",423.670013,61.907429,103.944221,527.200012,35.278416
"619",427.26001,62.253437,104.774422,528.150024,35.715057
"620",427.809998,62.043999,105.180084,529.26001,35.884361
"621",439.390015,62.626743,106.81218,536.72998,36.222977
"622",434.920013,61.989376,106.246124,536.690002,36.00021
"623",436.290009,62.790657,107.104622,538.190002,36.071491
"624",445.98999,63.509979,107.934822,540.47998,35.98238
"625",440.839996,62.845284,107.331039,537.840027,35.813068
"626",440.100006,62.508381,107.972557,535.22998,35.661587
"627",438.100006,62.781548,108.481995,531.690002,35.643768
"628",429.859985,61.188103,106.651794,521.52002,35.109108
"629",434.089996,61.698006,107.680107,520.51001,34.957619
"630",437.390015,62.385361,109.245766,521.840027,35.198212
"631",437.709991,61.88131,109.093941,523.400024,35.189316
"632",436.040009,61.707165,109.786644,522.859985,35.126926
"633",436.720001,61.221439,111.115082,525.02002,35.866539
"634",429.700012,59.965843,109.302704,516.830017,35.519012
"635",434.390015,60.589054,109.691742,520.679993,35.572475
"636",443.51001,61.450562,110.488823,530.130005,35.991291
"637",455.570007,62.403698,112.016533,546.549988,36.231884
"638",465.570007,63.274368,111.826759,561.099976,36.686344
"639",461.190002,63.411839,112.253761,560.219971,36.6507
"640",475.480011,63.750957,112.984406,579.849976,36.962585
"641",483.01001,63.430164,112.785133,672.929993,36.757637
"642",488.100006,63.475983,113.468323,663.02002,36.873474
"643",488,63.329353,113.212135,662.299988,36.704163
"644",488.269989,64.227516,113.23111,662.099976,36.445751
"645",482.179993,63.824249,112.728203,644.280029,36.392288
"646",529.419983,63.155235,112.832581,623.559998,36.035854
"647",531.409973,62.330395,112.206322,627.26001,36.124962
"648",526.030029,62.367043,112.405579,628,36.133865
"649",529,63.182713,113.715042,631.929993,36.169506
"650",536.76001,63.274368,113.89534,632.590027,36.14278
"651",536.150024,62.806965,113.866859,625.609985,36.606155
"652",535.030029,62.806965,114.929626,631.210022,37.016045
"653",531.900024,62.742805,115.47049,629.25,37.292286
"654",537.01001,62.99025,104.880875,643.780029,37.532887
"655",529.460022,62.550335,103.002068,642.679993,37.354664
"656",522.619995,62.367043,103.761177,635.299988,37.220997
"657",524,63.13689,105.326851,633.72998,37.1408
"658",527.460022,62.532021,102.480179,660.780029,36.962585
"659",525.909973,61.62468,101.521805,659.559998,36.766541
"660",529.659973,61.90881,102.024704,656.450012,36.623962
"661",531.52002,62.220413,101.683113,657.119995,36.757637
"662",535.219971,62.385361,103.476509,660.869995,36.846741
"663",535.02002,62.513695,101.474373,656.130005,36.802181
"664",532.919983,61.954636,101.009407,660.900024,36.338814
"665",515.780029,60.433262,94.908043,646.830017,36.133865
"666",494.470001,58.288677,93.788338,612.47998,35.224949
"667",463.369995,55.218433,90.486198,589.609985,34.200195
"668",466.369995,54.90683,90.989128,582.059998,33.852669
"669",500.769989,57.656296,94.158409,628.619995,34.512077
"670",518.369995,59.095184,96.948143,637.609985,34.993271
"671",518.01001,58.774403,97.242317,630.380005,35.15366
"672",512.890015,58.74691,96.672958,618.25,35.037827
"673",496.540009,56.318218,94.424095,597.789978,34.529892
"674",510.549988,57.344685,96.682457,614.340027,34.663563
"675",504.720001,57.445511,96.777351,606.25,34.895245
"676",499,56.36404,95.809486,600.700012,34.324944
"677",517.539978,57.885426,98.694107,614.659973,34.663563
"678",516.890015,56.987255,96.701447,612.719971,34.128906
"679",522.23999,57.42717,97.356178,621.349976,34.235836
"680",529.440002,57.335526,99.140099,625.77002,34.271793
"681",521.380005,57.170555,98.513809,623.23999,34.244823
"682",522.369995,58.27034,98.143745,635.140015,34.604347
"683",527.390015,58.783573,98.646667,635.97998,35.188576
"684",538.869995,57.418007,98.87439,642.900024,35.395309
"685",540.26001,55.850803,97.583916,629.25,35.035778
"686",548.390015,56.318218,98.124771,635.440002,35.224537
"687",538.400024,55.823315,97.251801,622.690002,34.865005
"688",536.070007,55.575855,96.378815,622.359985,34.838039
"689",533.75,55.190945,95.477371,625.799988,35.188576
"690",524.25,56.336552,95.173729,611.969971,35.611015
"691",504.059998,54.970985,93.45623,594.890015,35.530128
"692",496.070007,54.842674,94.338699,594.969971,35.64698
"693",511.890015,55.878304,96.976608,608.419983,36.060429
"694",520.719971,56.290726,97.4226,611.289978,35.772804
"695",532.539978,56.133801,97.735733,626.909973,36.303104
"696",543.679993,57.250748,98.542274,641.469971,36.860378
"697",537.47998,57.278442,98.46637,645.440002,36.815426
"698",541.940002,57.352295,98.105797,642.359985,37.318775
"699",533.159973,57.352295,99.263451,639.159973,37.73222
"700",539.799988,57.167675,100.164879,643.609985,37.768177
"701",550.190002,56.97382,100.914513,646.669983,37.750195
"702",548.900024,56.816898,101.142242,652.299988,37.435619
"703",544.830017,55.37685,100.326202,651.159973,37.462578
"704",562.440002,57.130745,102.375809,661.73999,37.678295
"705",570.76001,57.629223,102.707916,662.200012,37.768177
"706",573.150024,57.435375,103.875053,666.099976,37.741207
"707",560.880005,57.712296,104.226135,650.280029,38.01086
"708",555.77002,57.287666,104.463348,642.609985,37.920975
"709",563.909973,58.330772,107.461853,651.789978,38.864731
"710",599.030029,58.958485,107.310028,702,38.460266
"711",608.609985,58.986176,107.718056,712.780029,38.280495
"712",611.01001,58.746166,107.955284,708.48999,38.298477
"713",617.099976,60.463142,108.49614,712.950012,38.40633
"714",626.549988,60.195442,109.160378,716.919983,38.460266
"715",625.900024,59.309265,107.926804,710.809998,38.064785
"716",628.349976,60.500065,109.160378,721.109985,37.965919
"717",625.309998,60.721607,109.634811,722.159973,37.894012
"718",640.950012,60.78624,107.461853,728.109985,37.723244
"719",655.650024,61.330864,107.22464,731.25,38.046806
"720",659.369995,63.195522,109.758171,733.76001,37.714249
"721",655.48999,62.207802,110.469841,724.890015,37.336742
"722",659.679993,62.475502,111.418732,728.320007,37.543468
"723",673.25,62.170876,110.564728,735.400024,37.786152
"724",665.599976,60.924694,110.270576,731.22998,37.372704
"725",642.349976,60.518532,108.970596,717,37.192936
"726",647.809998,61.395481,109.995392,728.960022,37.714249
"727",643.299988,61.044693,110.194664,725.299988,37.45359
"728",663.539978,62.263199,112.101936,740,38.001869
"729",661.27002,62.457047,112.642799,738.409973,38.747883
"730",668.450012,62.346272,113.933304,756.599976,38.136696
"731",678.98999,61.737003,113.316513,755.97998,38.613056
"732",671.150024,61.644711,111.921638,748.280029,38.97258
"733",675.340027,61.718555,112.604851,748.150024,38.97258
"734",673.26001,62.004707,109.245766,750.26001,39.081272
"735",664.799988,61.552395,107.670609,742.599976,38.601246
"736",679.059998,62.410881,109.492477,767.039978,38.845779
"737",676.01001,61.533928,108.173531,762.380005,38.737099
"738",666.25,60.740086,106.171356,752.539978,38.456333
"739",672.640015,62.669361,108.401253,766.809998,39.208065
"740",669.830017,61.847782,108.012207,763.25,39.126556
"741",677.330017,60.887772,106.731209,762.369995,38.954472
"742",664.789978,60.426224,105.772842,751.609985,38.637474
"743",662.320007,60.564682,105.772835,749.460022,38.728039
"744",640.150024,59.143116,103.175308,738.869995,38.284252
"745",657.909973,59.327724,104.426315,747.77002,38.447277
"746",658.640015,61.016998,107.109802,743.400024,39.008812
"747",675.77002,62.33704,108.666389,758.090027,39.706211
"748",670.650024,61.183167,106.966553,749.429993,39.38921
"749",664.140015,59.447731,102.869705,739.309998,38.492561
"750",664.51001,60.500065,101.790588,747.77002,38.746155
"751",663.150024,60.629299,101.933838,750,39.208065
"752",663.700012,61.598568,100.806961,750.309998,39.552242
"753",662.789978,61.478558,101.093452,748.400024,39.434502
"754",675.200012,61.275475,102.420876,762.51001,39.38921
"755",693.969971,61.912411,102.258537,776.599976,39.58847
"756",689.070007,61.469318,101.551849,771,39.46167
"757",675.890015,60.952385,100.348587,758.880005,38.909184
"758",636.98999,59.121677,98.343132,741.840027,38.401993
"759",633.789978,59.2239,96.356804,742.580017,38.537842
"760",632.650024,58.368946,95.841103,743.619995,38.329536
"761",607.940002,56.008545,95.019829,726.390015,37.695538
"762",607.049988,54.75399,94.78109,714.469971,37.595905
"763",617.73999,54.670361,95.420921,716.030029,37.659313
"764",617.890015,54.791168,96.891579,726.070007,38.148396
"765",581.809998,53.285706,94.045761,700.559998,37.903851
"766",593,54.0849,94.6474,714.719971,37.931023
"767",570.179993,53.006927,89.671982,694.450012,37.586853
"768",574.47998,52.979038,89.738831,701.789978,37.967247
"769",571.77002,51.585094,88.373215,698.450012,37.478172
"770",575.02002,51.343483,89.786575,706.590027,37.487221
"771",596.380005,52.92329,92.536896,725.25,38.094048
"772",596.530029,51.724499,90.999397,711.669983,38.184624
"773",601.25,53.044098,91.935265,713.039978,38.112167
"774",583.349976,53.006927,90.073067,699.98999,38.121216
"775",635.349976,53.229958,89.318642,730.960022,38.555965
"776",587,55.29298,91.505531,742.950012,38.872963
"777",574.809998,54.698235,90.865692,752,38.945423
"778",552.099976,52.997631,88.927101,764.650024,38.438217
"779",531.070007,53.350761,90.85614,726.950012,38.691811
"780",536.26001,54.27076,91.133087,708.01001,38.51973
"781",502.130005,53.666721,89.671982,683.570007,38.438217
"782",488.100006,52.542278,87.97213,682.73999,38.628422
"783",482.070007,52.226311,88.163124,678.109985,39.217129
"784",490.480011,51.594398,84.849373,684.119995,38.537842
"785",503.820007,49.317623,86.243629,683.109985,38.411049
"786",507.079987,53.42511,87.045807,682.400024,39.045044
"787",521.099976,54.224297,88.72657,691,39.271465
"788",534.099976,54.614597,91.199936,708.400024,39.38921
"789",525,53.722481,90.884789,697.349976,39.49789
"790",534.900024,53.731777,90.73201,700.909973,39.642807
"791",559.5,54.428741,92.030769,706.460022,39.79678
"792",552.940002,52.15197,91.08535,695.849976,39.570354
"793",554.039978,52.170551,91.133087,699.559998,39.769604
"794",555.150024,52.979038,91.343185,705.75,39.996033
"795",555.22998,53.471573,91.018494,705.070007,39.072216
"796",552.52002,52.319244,91.219032,697.77002,39.063156
"797",579.039978,55.014194,93.253136,718.809998,39.570354
"798",580.210022,55.534603,92.632408,718.849976,39.642807
"799",577.48999,55.720463,94.370453,712.419983,39.814892
"800",575.140015,55.804092,94.045761,710.890015,39.950752
"801",562.799988,55.70187,94.914787,695.159973,39.86018
"802",560.26001,54.623894,93.415482,693.969971,40.140942
"803",559.469971,54.93985,93.26268,705.23999,40.584747
"804",558.929993,54.465916,92.670601,712.820007,40.965141
"805",569.609985,55.144302,93.530075,726.820007,41.257225
"806",573.369995,54.93985,94.360893,730.48999,41.339378
"807",577.02002,55.014194,93.816566,728.330017,41.293743
"808",574.27002,54.75399,94.007561,736.090027,41.120316
"809",559.440002,54.596008,95.115341,737.780029,41.777508
"810",552.080017,56.203693,94.733337,737.599976,41.62233
"811",553.97998,56.185108,94.026657,742.090027,41.68623
"812",560.47998,55.980659,93.186287,740.75,41.531059
"813",569.630005,55.70187,92.470055,738.059998,41.494549
"814",582.950012,55.274395,92.842499,735.299988,41.604084
"815",579.869995,55.200058,93.673309,733.530029,41.80489
"816",593.859985,54.85622,93.740166,744.77002,42.425579
"817",598.690002,55.488136,94.45639,750.530029,42.516861
"818",593.640015,55.032787,94.838394,744.950012,42.343418
"819",598.5,55.636826,94.609192,749.909973,42.745049
"820",593.190002,55.421505,94.236755,745.289978,42.799805
"821",586.140015,54.635124,92.632408,737.799988,42.471214
"822",602.080017,55.056396,93.090797,745.690002,42.635517
"823",591.429993,53.661495,91.830223,740.280029,42.31604
"824",594.599976,54.054691,92.078514,739.150024,42.781555
"825",595.929993,54.485329,91.935265,736.099976,42.389065
"826",603.169983,55.496403,92.966644,743.090027,42.580746
"827",614.820007,57.846191,95.000725,751.719971,42.02396
"828",620.75,58.595135,94.188995,753.200012,41.832279
"829",625.890015,57.921093,94.150803,759,42.078728
"830",635.349976,58.295555,96.910683,766.609985,42.188255
"831",627.900024,59.278542,98.01844,753.929993,42.535103
"832",632.98999,60.13982,98.620079,752.669983,40.499626
"833",631,59.540668,98.276299,759.140015,39.851555
"834",620.5,59.887051,99.097565,718.77002,40.654804
"835",626.200012,59.540668,99.861557,723.150024,40.809967
"836",616.880005,59.849609,100.167137,708.140015,40.645668
"837",606.570007,60.01812,100.539581,705.840027,40.782593
"838",602,59.540668,99.345856,691.02002,40.73695
"839",659.590027,59.166203,98.610527,693.01001,40.89212
"840",683.849976,59.71854,99.661011,698.210022,41.056419
"841",671.320007,58.567051,99.107109,692.359985,40.928638
"842",670.900024,57.640232,99.002075,695.700012,41.056419
"843",659.090027,57.331295,100.205338,701.429993,41.12944
"844",673.950012,57.668327,100.787865,711.119995,41.366756
"845",679.75,57.303211,100.596878,712.900024,41.293743
"846",703.070007,58.080238,101.80014,723.179993,41.759258
"847",713.22998,57.864922,97.684204,715.289978,41.494549
"848",717.929993,57.827477,97.130325,713.309998,41.832279
"849",709.919983,57.293854,95.993896,710.830017,41.394146
"850",710.659973,57.724495,95.841103,716.48999,41.640594
"851",695.27002,57.724495,95.440025,706.22998,40.846485
"852",697.450012,59.952587,94.542343,706.630005,40.600033
"853",698.52002,59.34407,93.97892,700.320007,40.453991
"854",702.799988,59.456413,95.287216,709.73999,40.116272
"855",696.75,59.409607,94.714249,704.23999,40.134525
"856",704.200012,60.420685,95.029381,720.090027,40.499626
"857",708.349976,61.338123,95.363632,725.27002,40.508762
"858",714.909973,60.879395,95.315872,724.119995,40.791714
"859",712.23999,61.253872,95.774269,732.659973,40.873867
"860",722.789978,61.104073,94.752434,735.719971,40.709564
"861",719.440002,61.49728,94.083954,734.150024,40.80085
"862",728.23999,61.609627,94.274956,730.400024,40.819099
"863",725.539978,60.514294,94.303604,722.340027,41.111187
"864",726.72998,61.113453,94.332245,716.549988,41.412399
"865",723.73999,60.907475,93.921608,716.650024,41.366756
"866",726.640015,61.085354,93.625572,728.280029,41.576691
"867",727.650024,60.617271,93.434578,728.580017,41.768375
"868",717.909973,59.765347,92.957085,719.409973,41.978317
"869",715.23999,59.231731,93.176735,718.359985,41.500034
"870",719.299988,58.117691,93.969368,718.27002,41.426453
"871",714.26001,58.014706,93.845222,718.919983,41.398853
"872",717.51001,58.248756,93.950264,710.359985,41.674797
"873",706.390015,58.304916,94.542343,691.719971,41.196514
"874",714.01001,58.389168,95.086685,693.710022,41.371265
"875",715.820007,58.932152,94.370453,695.940002,41.509239
"876",710.599976,58.707474,94.341805,697.460022,41.260899
"877",722.080017,59.961956,94.561447,701.869995,41.463249
"878",698.960022,55.795979,91.410034,675.219971,40.40551
"879",691.359985,53.932987,90.130371,668.26001,40.267544
"880",707.950012,55.721088,91.725174,680.039978,40.635452
"881",715.599976,57.293854,92.613304,684.109985,40.874592
"882",715.619995,58.173855,93.415482,692.099976,41.693192
"883",725.679993,57.796463,93.616013,699.210022,41.500034
"884",728.099976,56.183151,93.26268,694.950012,41.785164
"885",737.609985,56.786964,94.017105,697.77002,41.637997
"886",736.570007,57.154919,94.661598,695.359985,41.472439
"887",745.809998,58.33424,95.825508,705.630005,41.739178
"888",753.780029,58.749363,96.171806,715.090027,41.913933
"889",748.210022,59.626789,96.383408,720.640015,41.92313
"890",742.630005,59.58905,96.0756,716.97998,42.070297
"891",741.200012,60.494774,96.162178,720.950012,42.0243
"892",735.440002,60.551376,95.998642,719.849976,41.969124
"893",736.070007,60.343819,96.33532,733.780029,41.969124
"894",739.950012,60.249466,95.681221,736.960022,41.969124
"895",745.719971,60.315517,94.478836,741.190002,41.858749
"896",744.429993,60.089081,94.276825,738.630005,41.803562
"897",744.859985,60.419289,93.988251,742.73999,42.153076
"898",739.609985,60.258904,93.680443,739.77002,41.913933
"899",735.590027,60.504204,93.007111,738.419983,41.279289
"900",736.669983,60.692898,92.66082,741.77002,39.918034
"901",752.609985,60.475899,92.256828,745.909973,40.147976
"902",758.809998,60.353249,92.295296,768.789978,40.129574
"903",767.73999,60.192856,91.900909,772.880005,39.96402
"904",760.580017,60.05135,91.391106,771.070007,40.037601
"905",754.640015,61.004242,92.429955,773.179993,40.138771
"906",760.77002,60.909889,91.535385,771.609985,40.019211
"907",765.97998,62.551517,92.179871,782.219971,39.991619
"908",766.559998,62.362827,92.102913,781.76001,39.954823
"909",768.309998,62.145836,92.987869,784.26001,39.982414
"910",768.559998,61.589191,94.132538,784.679993,40.111179
"911",771.23999,61.759014,94.045959,784.849976,40.239948
"912",772.559998,61.626926,93.151375,783.219971,40.497482
"913",768.48999,62.004307,93.401497,782.440002,40.690639
"914",764.039978,61.994873,93.189865,777.140015,40.313534
"915",764.630005,62.164707,93.180252,779.909973,40.525085
"916",764.460022,62.221313,92.968643,777.5,40.561867
"917",757.309998,62.136387,92.718529,775.419983,40.396309
"918",759.47998,62.079784,92.218346,772.150024,40.230759
"919",762.450012,62.051483,92.314529,772.080017,40.331924
"920",757.25,62.221313,92.170258,769.640015,40.331924
"921",759.219971,62.334522,91.91053,769.409973,40.16637
"922",769,62.476032,91.583473,769.539978,39.844456
"923",771.289978,63.164757,91.256432,772.150024,40.046799
"924",767.580017,63.683662,91.246811,769.090027,39.770866
"925",769.159973,63.683662,90.862045,767.049988,39.945625
"926",770.619995,63.410061,90.669655,768.780029,39.872044
"927",772.440002,63.67424,90.82357,771.460022,40.157166
"928",788.869995,63.627071,90.227196,780.080017,40.276741
"929",784.47998,63.362892,90.140617,780.349976,40.138771
"930",784.059998,63.447807,90.506134,775.320007,40.129574
"931",760.140015,62.881725,88.89975,759.659973,38.878693
"932",771.48999,63.268547,90.07328,769.02002,39.72488
"933",761.01001,62.768505,89.169075,759.690002,39.205593
"934",761.090027,62.645859,88.745842,762.48999,39.047958
"935",769.690002,62.872292,88.9767,771.76001,39.279785
"936",778.52002,62.098648,89.034416,768.880005,39.075783
"937",775.099976,62.447735,89.101738,765.700012,39.038689
"938",780.219971,62.702473,89.409569,771.409973,39.261234
"939",789.73999,63.060986,88.870903,776.219971,39.43742
"940",804.700012,63.579899,89.852043,787.210022,39.836151
"941",805.75,63.447807,89.717377,786.900024,39.632156
"942",799.159973,62.060913,88.457268,774.210022,38.992325
"943",816.109985,62.608116,88.22641,783.01001,39.493057
"944",828.719971,62.938335,88.688126,781.559998,39.085052
"945",829.049988,61.938274,88.30336,775.01001,38.973782
"946",837.309998,62.825119,89.322998,777.289978,39.242691
"947",836.73999,62.749645,88.967079,772.559998,38.973782
"948",834.030029,63.291336,89.063263,776.429993,38.797596
"949",844.359985,64.327171,88.928604,776.469971,38.769775
"950",841.659973,64.498245,89.294128,776.859985,38.677048
"951",839.429993,64.726318,88.967079,775.080017,38.695595
"952",841.710022,65.229973,88.967079,785.940002,38.695595
"953",831,64.916367,88.361076,783.070007,38.519413
"954",834.090027,64.745316,87.92823,786.140015,38.741959
"955",829.280029,64.374695,87.649269,778.190002,38.723412
"956",822.960022,64.165604,87.822411,778.530029,38.63995
"957",812.950012,63.833004,87.370308,779.960022,38.575043
"958",817.650024,64.33667,87.697357,795.26001,38.918148
"959",817.690002,64.954376,88.428413,801.5,38.992325
"960",810.320007,64.868843,88.524605,796.969971,38.881042
"961",818.98999,65.087418,89.486519,799.369995,39.066509
"962",838.090027,65.448563,89.813568,813.109985,39.46524
"963",835.179993,65.382019,89.217186,807.669983,39.446697
"964",822.590027,65.695633,89.928986,799.070007,39.353966
"965",818.359985,65.790672,90.438797,795.349976,39.057236
"966",776.320007,65.67662,90.275276,795.369995,39.159237
"967",789.820007,65.819183,89.159462,784.539978,39.316872
"968",785.409973,65.543579,88.870903,783.609985,39.057236
"969",765.559998,65.26799,88.409172,768.700012,38.992325
"970",767.030029,64.982895,89.813568,762.130005,38.973782
"971",755.049988,64.393707,88.928604,762.02002,38.658497
"972",784.929993,66.408379,90.833191,782.52002,39.372509
"973",787.75,66.550926,90.785088,790.51001,39.761971
"974",771.880005,69.610947,91.035194,785.309998,39.196331
"975",742.380005,72.842049,91.343002,762.559998,37.963032
"976",739.01001,72.880051,93.959396,754.02002,38.04649
"977",719.070007,75.559967,94.190254,736.080017,38.176315
"978",743.23999,75.417412,93.97863,758.48999,38.426682
"979",746.48999,73.554779,95.344551,764.47998,38.259766
"980",756.400024,74.143974,95.58503,771.22998,38.129948
"981",760.159973,73.849388,94.498062,760.539978,37.935215
"982",780,74.172478,93.911301,769.200012,38.352505
"983",785.330017,74.628624,93.988251,768.27002,38.361767
"984",780.119995,74.942253,94.517311,760.98999,38.129948
"985",780.369995,74.913742,95.055969,761.679993,38.510136
"986",766.77002,74.429077,95.200256,768.23999,38.714138
"987",762.52002,74.999268,95.873589,770.840027,38.480358
"988",750.570007,76.187157,95.344551,758.039978,37.732262
"989",743.650024,77.726692,95.171402,747.919983,37.563934
"990",740.340027,77.546127,94.748169,750.5,37.741608
"991",759.359985,79.123665,96.152557,762.52002,37.984745
"992",764.719971,79.532303,96.825897,759.109985,37.937988
"993",770.419983,79.893425,98.105232,771.190002,38.611275
"994",767.330017,80.891258,100.208656,776.419983,38.321384
"995",768.659973,81.242867,101.643257,789.289978,39.275215
"996",760.119995,80.520615,100.867798,789.27002,39.181702
"997",774.340027,80.549141,100.664246,796.099976,39.050781
"998",768.820007,80.520615,100.858109,797.070007,38.536457
"999",761,81.727531,101.187675,797.849976,38.854401
"1000",757.77002,80.720207,100.722404,790.799988,39.032078
"1001",766,81.185852,102.069771,794.200012,38.966614
"1002",771.219971,82.231209,102.224854,796.419983,38.957272
"1003",770.599976,82.440277,102.321785,794.559998,38.873108
"1004",766.340027,82.573334,102.186081,791.26001,38.854401
"1005",760.590027,82.72538,101.92437,789.909973,38.901161
"1006",771.400024,82.801407,101.943748,791.549988,38.910515
"1007",772.130005,82.202698,101.100441,785.049988,38.704784
"1008",765.150024,81.622993,101.352463,782.789978,38.901161
"1009",749.869995,82.00312,101.022896,771.820007,38.770248
"1010",753.669983,82.896439,102.825844,786.140015,39.088184
"1011",757.179993,83.049332,104.144119,786.900024,38.947922
"1012",780.450012,82.284859,104.085953,794.02002,39.041431
"1013",795.98999,82.294426,105.636887,806.150024,39.032078
"1014",796.919983,82.351746,105.035889,806.650024,38.639324
"1015",795.900024,82.590645,105.055283,804.789978,38.377495
"1016",799.02002,83.211769,106.082764,807.909973,38.386845
"1017",813.640015,82.409088,104.231361,806.359985,38.293331
"1018",817.140015,82.848648,104.745094,807.880005,38.227875
"1019",809.719971,79.838577,104.657867,804.609985,38.545822
"1020",807.47998,80.211266,104.842033,806.070007,38.611275
"1021",809.039978,79.599686,103.989021,802.174988,38.471008
"1022",808.330017,79.953247,104.357368,805.02002,38.639324
"1023",817.880005,79.99147,103.833939,819.309998,38.742199
"1024",822.440002,80.956612,104.590004,823.869995,39.181702
"1025",836.52002,82.208412,104.725708,835.669983,39.387428
"1026",839.150024,82.896439,104.745094,832.150024,39.097538
"1027",835.77002,83.068436,105.947067,823.309998,38.760895
"1028",830.380005,82.208412,107.536743,802.320007,38.695442
"1029",823.47998,80.870598,107.255653,796.789978,38.873108
"1030",832.349976,81.176392,107.885712,795.695007,38.583218
"1031",839.950012,80.832367,107.216873,798.530029,38.714142
"1032",810.200012,83.307335,106.916389,801.48999,38.845058
"1033",807.640015,82.915535,106.208778,801.340027,38.86375
"1034",812.5,82.86776,105.65625,806.969971,39.181702
"1035",819.710022,82.141525,105.65625,808.380005,39.293911
"1036",821.359985,83.326439,106.131226,809.559998,38.573868
"1037",827.460022,83.135323,105.908287,813.669983,37.947342
"1038",836.530029,84.234245,106.286324,819.23999,37.984745
"1039",836.390015,85.581604,106.945465,820.450012,37.900578
"1040",842.700012,86.565842,106.800064,818.97998,37.816418
"1041",844.140015,86.508507,107.313797,824.159973,38.527111
"1042",845.070007,86.221855,106.683739,828.070007,38.555164
"1043",856.440002,86.967209,106.635284,831.659973,38.770248
"1044",855.609985,87.014977,106.741905,830.76001,38.901161
"1045",852.190002,87.081863,106.363869,831.330017,38.957272
"1046",845.23999,86.317398,106.935768,828.640015,39.069485
"1047",848.640015,86.412964,106.848534,829.280029,38.966614
"1048",845.039978,86.594528,106.712822,823.210022,39.237812
"1049",853.080017,89.442146,107.633675,835.23999,39.424831
"1050",848.909973,88.046989,107.197479,830.630005,39.714722
"1051",849.880005,88.677681,107.827545,829.080017,39.724072
"1052",846.609985,87.836761,107.275032,827.780029,39.443539
"1053",846.02002,87.349426,107.459206,831.909973,39.265862
"1054",850.5,87.158302,107.439812,835.369995,39.265862
"1055",853,87.502319,107.623985,838.679993,39.303268
"1056",852.460022,87.225197,107.517357,843.25,39.546398
"1057",854.590027,87.301651,108.098953,845.539978,39.650173
"1058",852.530029,87.444984,108.864723,845.619995,39.593571
"1059",852.969971,87.655205,108.438225,847.200012,39.735073
"1060",853.419983,87.569214,108.283119,848.780029,39.857712
"1061",852.309998,86.651855,108.331596,852.119995,39.650173
"1062",856.969971,86.030724,109.252449,848.400024,39.791679
"1063",843.200012,83.507996,108.321899,830.460022,40.093559
"1064",848.059998,83.641769,108.641777,829.590027,39.980354
"1065",847.380005,83.507996,108.796875,817.580017,39.782246
"1066",845.609985,83.41243,108.699944,814.429993,39.735073
"1067",846.820007,83.364662,108.932579,819.51001,39.923756
"1068",856,84.664246,109.582031,820.919983,40.027523
"1069",874.320007,84.3489,109.077965,831.409973,40.018082
"1070",876.340027,85.07515,109.708031,831.5,40.187893
"1071",886.539978,83.938004,109.911591,829.559998,40.036957
"1072",891.51001,83.632217,109.727425,838.549988,40.008652
"1073",906.830017,83.910927,109.572327,834.570007,40.263367
"1074",909.280029,83.311638,109.533554,831.409973,40.159599
"1075",898.280029,83.591957,109.582031,827.880005,40.253933
"1076",894.880005,83.301971,109.126442,824.669983,40.19733
"1077",907.039978,83.011986,108.981041,824.72998,40.272797
"1078",902.359985,82.866997,109.601402,823.349976,40.244499
"1079",896.22998,82.548019,109.572327,824.320007,40.50864
"1080",884.669983,81.581421,109.727425,823.559998,40.367138
"1081",901.98999,82.992661,110.289627,837.169983,40.631283
"1082",903.780029,82.316032,110.68705,836.820007,41.018074
"1083",899.200012,81.639412,110.241173,838.210022,40.782223
"1084",902.059998,82.693024,111.268646,841.650024,40.650154
"1085",898.530029,81.697411,110.929382,843.190002,40.631283
"1086",907.409973,84.577881,110.21209,862.76001,40.829391
"1087",907.619995,85.312515,111.646683,872.299988,40.669022
"1088",909.289978,85.476837,112.034409,871.72998,40.791656
"1089",918.380005,84.684219,112.28643,874.25,40.574677
"1090",924.98999,84.094589,112.053802,905.960022,40.706753
"1091",948.22998,84.15258,111.210487,912.570007,40.772789
"1092",946.940002,83.61129,110.861534,916.440002,40.933167
"1093",941.030029,84.094589,108.195885,927.039978,40.867134
"1094",937.530029,84.191246,107.759682,931.659973,41.187874
"1095",934.150024,84.094589,108.554535,927.130005,41.216179
"1096",949.039978,84.191246,108.002022,934.299988,41.404858
"1097",952.820007,83.852943,108.63208,932.169983,41.046371
"1098",948.950012,84.510223,106.296028,928.780029,41.10297
"1099",947.619995,84.249245,106.21846,930.599976,41.197311
"1100",961.349976,84.01725,106.325096,932.219971,41.121838
"1101",957.969971,84.423225,105.782272,937.080017,41.25391
"1102",966.070007,84.684219,104.667557,943,41.367115
"1103",944.76001,81.455765,103.048782,919.619995,41.442589
"1104",958.48999,81.156105,103.407433,930.23999,41.31995
"1105",959.840027,81.948723,104.221664,934.01001,41.414288
"1106",970.669983,81.871399,104.328285,941.859985,41.678432
"1107",971.539978,82.895996,103.737,948.820007,41.876537
"1108",980.349976,82.847672,104.40583,954.960022,42.480305
"1109",993.380005,82.499695,103.979324,969.539978,42.838791
"1110",995.780029,82.509354,105.084366,971.469971,42.819916
"1111",996.700012,81.098114,105.016502,975.880005,42.857655
"1112",994.619995,79.406563,104.628792,964.859985,42.895393
"1113",995.950012,80.286171,104.890495,966.950012,43.197273
"1114",1006.72998,79.880196,103.89209,975.599976,43.291615
"1115",1011.340027,80.025177,103.252335,983.679993,43.385944
"1116",1003,80.189507,102.263634,976.570007,43.376511
"1117",1010.070007,81.107796,102.670746,980.940002,42.933128
"1118",1010.27002,82.113045,101.11982,983.409973,42.574646
"1119",978.309998,84.055916,102.379951,949.830017,42.753883
"1120",964.909973,84.075256,103.756386,942.900024,42.763325
"1121",980.789978,84.355568,103.291107,953.400024,42.829899
"1122",976.469971,84.18158,102.883995,950.76001,43.086704
"1123",964.169983,83.678955,102.728905,942.309998,43.03915
"1124",987.710022,83.301971,102.273315,939.780029,43.096222
"1125",995.169983,85.128853,102.137619,957.369995,43.162796
"1126",992.590027,84.597214,100.751488,950.630005,43.381561
"1127",1002.22998,84.210587,101.585106,959.450012,43.010616
"1128",1001.299988,84.113914,101.022896,957.090027,42.867943
"1129",1003.73999,83.959267,101.1586,965.590027,43.03915
"1130",993.97998,84.326569,102.33149,952.27002,43.210354
"1131",976.780029,85.109528,102.176384,927.330017,42.848923
"1132",990.330017,86.820412,103.581909,940.48999,43.105728
"1133",975.929993,88.105995,102.467186,917.789978,42.639671
"1134",968,88.347656,102.990623,908.72998,42.658691
"1135",953.659973,90.145706,104.163506,898.700012,42.573086
"1136",971.400024,91.049583,102.389633,911.710022,42.630157
"1137",965.140015,90.758011,100.924843,906.690002,42.230682
"1138",978.76001,91.214821,100.895546,918.590027,42.221169
"1139",996.469971,90.573357,101.159203,928.799988,42.211662
"1140",994.130005,90.223457,101.403328,930.090027,42.164097
"1141",1006.51001,89.912445,101.930656,943.830017,42.3353
"1142",1000.630005,90.48587,101.842781,947.159973,42.259216
"1143",1001.809998,89.659744,102.624001,955.98999,42.497002
"1144",1010.039978,88.823891,102.331047,953.419983,42.544556
"1145",1024.449951,88.512871,103.268517,965.400024,42.487484
"1146",1026.869995,88.639221,104.313416,970.890015,42.639671
"1147",1028.699951,88.639221,104.840744,968.150024,42.630157
"1148",1025.670044,88.337929,104.577072,972.919983,42.829899
"1149",1038.949951,88.716988,104.489189,980.340027,42.649181
"1150",1039.869995,90.194305,103.922791,950.700012,43.029636
"1151",1052.800049,89.348724,104.430603,947.799988,43.505215
"1152",1046,88.979393,107.418793,934.090027,43.866638
"1153",1020.039978,88.716988,107.37973,941.530029,43.762012
"1154",987.780029,89.222382,107.350433,930.5,43.600327
"1155",996.190002,90.417839,108.014481,930.830017,43.467163
"1156",995.890015,90.495598,106.119995,930.390015,43.362537
"1157",986.919983,89.902725,106.559441,923.650024,43.438625
"1158",987.580017,91.030151,105.162994,927.960022,43.276936
"1159",992.27002,91.380035,103.854439,929.359985,43.410091
"1160",989.840027,91.049583,104.469658,926.789978,43.372047
"1161",982.01001,90.903801,100.417038,922.900024,43.362537
"1162",956.919983,89.601433,98.971764,907.23999,43.505215
"1163",967.98999,88.85305,99.596748,914.390015,43.362537
"1164",983.299988,89.892998,99.020599,922.669983,43.562279
"1165",982.73999,90.126266,99.128021,922.219971,43.933224
"1166",978.179993,89.504227,99.801819,926.960022,43.942734
"1167",960.570007,88.104668,99.00106,910.97998,43.619347
"1168",958.469971,88.192139,98.337021,910.669983,43.438625
"1169",953.289978,88.08522,98.79599,906.659973,43.448139
"1170",966.900024,88.989113,100.358444,924.690002,43.372047
"1171",958,89.096016,99.118248,927,43.314983
"1172",952.450012,88.950233,99.137772,921.280029,43.19133
"1173",945.26001,89.309845,100.006897,915.890015,43.34351
"1174",946.02002,89.027992,100.153374,913.809998,43.200844
"1175",954.059998,88.54203,100.163132,921.289978,43.229378
"1176",967.590027,88.746124,100.4561,929.570007,43.172306
"1177",980.599976,88.337929,98.825287,939.330017,43.32449
"1178",978.25,89.125183,99.118248,937.340027,43.543247
"1179",965.27002,86.996674,99.215904,928.450012,43.676407
"1180",967.799988,87.579826,99.118248,927.809998,43.714458
"1181",979.469971,86.044197,94.782433,935.950012,44.018826
"1182",965.900024,85.937286,94.792198,926.5,44.037846
"1183",977.960022,87.268814,94.811729,929.080017,44.247097
"1184",982.580017,88.337929,95.592957,932.070007,44.437328
"1185",999.599976,88.59063,96.501137,935.090027,44.580002
"1186",992.210022,88.41568,95.60273,925.109985,44.206104
"1187",986.789978,89.047432,96.208168,920.289978,44.273212
"1188",974.190002,90.310928,95.798035,915,44.206104
"1189",969.859985,91.302292,96.120285,921.809998,44.08147
"1190",973.210022,91.943756,96.881981,931.580017,43.889721
"1191",964.650024,92.361679,96.569489,932.450012,43.525417
"1192",955.099976,92.167305,96.286301,928.530029,43.611702
"1193",939.789978,91.477242,97.233536,920.969971,43.80344
"1194",938.599976,91.069023,96.31559,924.859985,43.688393
"1195",950.869995,92.507469,96.911278,944.48999,42.796799
"1196",956.400024,92.701851,95.749207,949.5,43.055653
"1197",961.349976,92.828209,96.257004,959.109985,43.15152
"1198",959.190002,94.120865,97.516731,953.27002,42.950191
"1199",957.099976,94.616531,98.424911,957.789978,43.324089
"1200",965.450012,93.654343,98.190544,951.679993,43.621288
"1201",980.849976,94.915436,97.760864,969.960022,43.640461
"1202",989.580017,94.749252,97.721802,978.890015,43.611702
"1203",990.98999,94.250671,97.233536,977,43.535
"1204",987.200012,94.954536,97.243309,972.599976,43.976009
"1205",995,94.671043,96.237473,989.25,44.19651
"1206",1000.929993,93.84008,94.655487,987.830017,44.206104
"1207",1002.940002,93.71299,95.094925,989.679993,44.273212
"1208",1006.340027,95.648636,95.827324,992,44.695045
"1209",1009.130005,95.433578,96.051933,992.179993,44.599167
"1210",997,95.79528,95.944511,992.809998,44.484123
"1211",986.609985,95.912605,96.686684,984.450012,44.666283
"1212",982.909973,97.28125,97.067528,988.200012,44.464951
"1213",966.299988,97.115051,96.383949,968.450012,44.407433
"1214",975.900024,98.65966,95.983566,970.539978,44.273212
"1215",972.909973,98.757423,95.505081,973.330017,44.148579
"1216",972.429993,99.461296,96.247231,972.559998,44.321144
"1217",1100.949951,99.490616,96.003098,1019.27002,44.167751
"1218",1110.849976,99.138687,95.739441,1017.109985,43.966423
"1219",1105.280029,98.356606,95.514832,1016.640015,44.08147
"1220",1103.680054,98.65966,96.706207,1025.5,43.908897
"1221",1094.219971,99.314651,96.04216,1025.579956,43.9856
"1222",1111.599976,99.138687,96.325356,1032.47998,44.071884
"1223",1120.660034,98.522789,98.278427,1025.900024,43.592529
"1224",1123.170044,96.538269,99.22567,1033.329956,44.043114
"1225",1132.880005,95.453133,98.805756,1039.849976,44.273212
"1226",1129.130005,95.443344,100.270561,1031.26001,44.321144
"1227",1125.349976,95.326035,102.321281,1028.069946,44.618343
"1228",1129.170044,95.668198,102.282219,1025.75,44.790913
"1229",1136.839966,95.091408,100.749054,1026,45.4716
"1230",1126.689941,95.990807,101.256866,1020.909973,44.877197
"1231",1137.290039,96.264542,101.168968,1032.5,44.627937
"1232",1129.880005,95.941925,101.012726,1019.090027,43.822617
"1233",1126.310059,96.792442,100.338921,1018.380005,43.582939
"1234",1139.48999,96.714226,100.583054,1034.48999,43.889721
"1235",1156.160034,96.430717,100.329147,1035.959961,43.94725
"1236",1186,96.117889,100.231499,1040.609985,43.9856
"1237",1195.829956,95.736626,100.377983,1054.209961,44.004772
"1238",1193.599976,99.089813,100.983429,1047.410034,43.937664
"1239",1161.27002,101.406731,102.770485,1021.659973,43.621288
"1240",1176.75,102.179024,102.360344,1021.409973,44.239895
"1241",1162.349976,102.442986,102.780258,1010.169983,44.433208
"1242",1133.949951,104.554604,107.633629,998.679993,44.684513
"1243",1141.569946,103.35215,104.704025,1005.150024,44.713509
"1244",1152.349976,102.579842,102.985321,1018.380005,44.89716
"1245",1159.790039,102.276794,102.790024,1030.930054,44.249554
"1246",1162,103.557449,102.602989,1037.050049,43.795273
"1247",1168.920044,103.254402,105.162399,1041.099976,43.814606
"1248",1165.079956,104.456841,105.753029,1040.47998,43.77594
"1249",1164.130005,103.146866,105.930222,1040.609985,44.365543
"1250",1174.26001,102.315903,108.844017,1049.150024,44.491196
"1251",1179.140015,103.762749,109.533081,1064.189941,44.645847
"1252",1190.579956,104.564377,109.296829,1077.140015,44.394547
"1253",1187.380005,104.124458,110.064659,1070.680054,44.587856
"1254",1177.619995,103.762749,107.977753,1064.949951,44.539532
"1255",1174.76001,105.414894,107.859619,1063.630005,44.075569
"1256",1168.359985,105.043396,106.973671,1060.119995,44.06591
"1257",1176.76001,104.623039,106.432259,1056.73999,44.278557
"1258",1182.26001,104.81855,105.959755,1049.369995,44.394547
"1259",1186.099976,105.375793,106.087715,1048.140015,44.191566
"1260",1169.469971,104.544838,105.831787,1046.400024,44.346218
